<?xml version="1.0" encoding="utf-8"?><!-- Copyright (c) Microsoft Corporation.  All rights reserved. --><GroupPolicyBackupScheme bkp:version="2.0" bkp:type="GroupPolicyBackupTemplate" xmlns:bkp="http://www.microsoft.com/GroupPolicy/GPOOperations" xmlns="http://www.microsoft.com/GroupPolicy/GPOOperations">
    <GroupPolicyObject><SecurityGroups><Group bkp:Source="FromDACL"><Sid><![CDATA[S-1-5-21-1004336348-1177238915-682003330-519]]></Sid><SamAccountName><![CDATA[Enterprise Admins]]></SamAccountName><Type><![CDATA[UniversalGroup]]></Type><NetBIOSDomainName><![CDATA[CONTOSO]]></NetBIOSDomainName><DnsDomainName><![CDATA[CONTOSO.COM]]></DnsDomainName><UPN><![CDATA[Enterprise Admins@contoso.com]]></UPN></Group><Group bkp:Source="FromDACL"><Sid><![CDATA[S-1-5-21-1004336348-1177238915-682003330-512]]></Sid><SamAccountName><![CDATA[Domain Admins]]></SamAccountName><Type><![CDATA[GlobalGroup]]></Type><NetBIOSDomainName><![CDATA[CONTOSO]]></NetBIOSDomainName><DnsDomainName><![CDATA[contoso.com]]></DnsDomainName><UPN><![CDATA[Domain Admins@contoso.com]]></UPN></Group></SecurityGroups><FilePaths/><GroupPolicyCoreSettings><ID><![CDATA[{46E9E5B7-8007-4CDB-9A93-7A2CA2EFE470}]]></ID><Domain><![CDATA[contoso.com]]></Domain><SecurityDescriptor>01 00 04 9c 00 00 00 00 00 00 00 00 00 00 00 00 14 00 00 00 04 00 ec 00 08 00 00 00 05 02 28 00 00 01 00 00 01 00 00 00 8f fd ac ed b3 ff d1 11 b4 1d 00 a0 c9 68 f9 39 01 01 00 00 00 00 00 05 0b 00 00 00 00 00 24 00 ff 00 0f 00 01 05 00 00 00 00 00 05 15 00 00 00 44 12 9c 0f 34 08 29 6d b6 2a a1 12 00 02 00 00 00 02 24 00 ff 00 0f 00 01 05 00 00 00 00 00 05 15 00 00 00 44 12 9c 0f 34 08 29 6d b6 2a a1 12 00 02 00 00 00 02 24 00 ff 00 0f 00 01 05 00 00 00 00 00 05 15 00 00 00 44 12 9c 0f 34 08 29 6d b6 2a a1 12 07 02 00 00 00 02 14 00 94 00 02 00 01 01 00 00 00 00 00 05 09 00 00 00 00 02 14 00 94 00 02 00 01 01 00 00 00 00 00 05 0b 00 00 00 00 02 14 00 ff 00 0f 00 01 01 00 00 00 00 00 05 12 00 00 00 00 0a 14 00 ff 00 0f 00 01 01 00 00 00 00 00 03 00 00 00 00</SecurityDescriptor><DisplayName><![CDATA[Network Locations]]></DisplayName><Options><![CDATA[0]]></Options><UserVersionNumber><![CDATA[1179666]]></UserVersionNumber><MachineVersionNumber><![CDATA[0]]></MachineVersionNumber><MachineExtensionGuids/><UserExtensionGuids><![CDATA[[{00000000-0000-0000-0000-000000000000}{3EC4E9D3-714D-471F-88DC-4DD4471AAB47}{516FC620-5D34-4B08-8165-6A06B623EDEB}{CEFFA6E2-E3BD-421B-852C-6F6A79A59BC1}][{6232C319-91AC-4931-9385-E70C2B099F0E}{3EC4E9D3-714D-471F-88DC-4DD4471AAB47}][{74EE6C03-5363-4554-B161-627540339CAB}{516FC620-5D34-4B08-8165-6A06B623EDEB}][{C418DD9D-0D14-4EFB-8FBF-CFE535C8FAC7}{CEFFA6E2-E3BD-421B-852C-6F6A79A59BC1}]]]></UserExtensionGuids><WMIFilter/></GroupPolicyCoreSettings> 
        <GroupPolicyExtension bkp:ID="{35378EAC-683F-11D2-A89A-00C04FBBCFA2}" bkp:DescName="Registry">
            
            
            <FSObjectFile bkp:Path="%GPO_FSPATH%\Adm\*.*" bkp:SourceExpandedPath="\\DC01.contoso.com\sysvol\contoso.com\Policies\{46E9E5B7-8007-4CDB-9A93-7A2CA2EFE470}\Adm\*.*"/>
        </GroupPolicyExtension>
        
        
        
        
        
        
        
        
        
    <GroupPolicyExtension bkp:ID="{F15C46CD-82A0-4C2D-A210-5D0D3182A418}" bkp:DescName="Unknown Extension"><FSObjectDir bkp:Path="%GPO_USER_FSPATH%\Preferences" bkp:SourceExpandedPath="\\DC01.contoso.com\sysvol\contoso.com\Policies\{46E9E5B7-8007-4CDB-9A93-7A2CA2EFE470}\User\Preferences" bkp:Location="DomainSysvol\GPO\User\Preferences"/><FSObjectDir bkp:Path="%GPO_USER_FSPATH%\Preferences\Folders" bkp:SourceExpandedPath="\\DC01.contoso.com\sysvol\contoso.com\Policies\{46E9E5B7-8007-4CDB-9A93-7A2CA2EFE470}\User\Preferences\Folders" bkp:Location="DomainSysvol\GPO\User\Preferences\Folders"/><FSObjectFile bkp:Path="%GPO_USER_FSPATH%\Preferences\Folders\Folders.xml" bkp:SourceExpandedPath="\\DC01.contoso.com\sysvol\contoso.com\Policies\{46E9E5B7-8007-4CDB-9A93-7A2CA2EFE470}\User\Preferences\Folders\Folders.xml" bkp:Location="DomainSysvol\GPO\User\Preferences\Folders\Folders.xml"/><FSObjectDir bkp:Path="%GPO_USER_FSPATH%\Preferences\IniFiles" bkp:SourceExpandedPath="\\DC01.contoso.com\sysvol\contoso.com\Policies\{46E9E5B7-8007-4CDB-9A93-7A2CA2EFE470}\User\Preferences\IniFiles" bkp:Location="DomainSysvol\GPO\User\Preferences\IniFiles"/><FSObjectFile bkp:Path="%GPO_USER_FSPATH%\Preferences\IniFiles\IniFiles.xml" bkp:SourceExpandedPath="\\DC01.contoso.com\sysvol\contoso.com\Policies\{46E9E5B7-8007-4CDB-9A93-7A2CA2EFE470}\User\Preferences\IniFiles\IniFiles.xml" bkp:Location="DomainSysvol\GPO\User\Preferences\IniFiles\IniFiles.xml"/><FSObjectDir bkp:Path="%GPO_USER_FSPATH%\Preferences\Shortcuts" bkp:SourceExpandedPath="\\DC01.contoso.com\sysvol\contoso.com\Policies\{46E9E5B7-8007-4CDB-9A93-7A2CA2EFE470}\User\Preferences\Shortcuts" bkp:Location="DomainSysvol\GPO\User\Preferences\Shortcuts"/><FSObjectFile bkp:Path="%GPO_USER_FSPATH%\Preferences\Shortcuts\Shortcuts.xml" bkp:SourceExpandedPath="\\DC01.contoso.com\sysvol\contoso.com\Policies\{46E9E5B7-8007-4CDB-9A93-7A2CA2EFE470}\User\Preferences\Shortcuts\Shortcuts.xml" bkp:Location="DomainSysvol\GPO\User\Preferences\Shortcuts\Shortcuts.xml"/></GroupPolicyExtension></GroupPolicyObject>
</GroupPolicyBackupScheme>