<BackupInst xmlns="http://www.microsoft.com/GroupPolicy/GPOOperations/Manifest"><GPOGuid><![CDATA[{46E9E5B7-8007-4CDB-9A93-7A2CA2EFE470}]]></GPOGuid><GPODomain><![CDATA[contoso.com]]></GPODomain><GPODomainGuid><![CDATA[{865d34aa-a2bd-4d31-b486-763f84dd92ae}]]></GPODomainGuid><GPODomainController><![CDATA[DC01.contoso.com]]></GPODomainController><BackupTime><![CDATA[2019-01-01T00:00:00]]></BackupTime><ID><![CDATA[{81002162-2BD8-4088-9B10-A626FBF65A90}]]></ID><Comment><![CDATA[]]></Comment><GPODisplayName><![CDATA[Network Locations]]></GPODisplayName></BackupInst>
